<?xml version="1.0" encoding="UTF-8"?>
<project-private xmlns="http://www.netbeans.org/ns/project-private/1">
    <editor-bookmarks xmlns="http://www.netbeans.org/ns/editor-bookmarks/2" lastBookmarkId="0"/>
    <open-files xmlns="http://www.netbeans.org/ns/projectui-open-files/2">
        <group>
            <file>file:/Users/sandhyaranikairam/NetBeansProjects/WebCrawler/web/index.html</file>
            <file>file:/Users/sandhyaranikairam/NetBeansProjects/WebCrawler/src/java/CrawlerThread.java</file>
            <file>file:/Users/sandhyaranikairam/NetBeansProjects/WebCrawler/web/WEB-INF/web.xml</file>
            <file>file:/Users/sandhyaranikairam/NetBeansProjects/WebCrawler/nbproject/build-impl.xml</file>
            <file>file:/Users/sandhyaranikairam/NetBeansProjects/WebCrawler/src/java/Crawler.java</file>
            <file>file:/Users/sandhyaranikairam/NetBeansProjects/WebCrawler/src/java/DriverServlet.java</file>
        </group>
    </open-files>
</project-private>
